{
    "CLI_package_name": "certora-cli",
    "CLI_version": "8.8.0",
    "branch": "main",
    "certora_ci_client": null,
    "conf": {
        "files": [
            "contracts/MUSD.sol"
        ],
        "loop_iter": 3,
        "msg": "MUSD supply cap and access control verification",
        "optimistic_loop": true,
        "packages": [
            "@openzeppelin/contracts=node_modules/@openzeppelin/contracts"
        ],
        "rule_sanity": "basic",
        "solc": "solc",
        "solc_optimize": 200,
        "verify": "MUSD:certora/specs/MUSD.spec"
    },
    "conf_path": "MUSD.conf",
    "cwd_relative": ".",
    "default_solc_version": null,
    "dirty": true,
    "ecosystem": "EVM",
    "group_id": null,
    "jar_flag_info": [
        "-assumeNoCastingOverflow,assume_no_casting_overflow,boolean",
        "-autoDispatcher,auto_dispatcher,boolean",
        "-bytecode,bytecode_jsons,list",
        "-spec,bytecode_spec,string",
        "-globalTimeout,cloud_global_timeout,string",
        "-coinbaseFeaturesMode,coinbase_mode,boolean",
        "-overrideExtendedContractFunctions,contract_extensions_override,boolean",
        "-contractRecursionLimit,contract_recursion_limit,string",
        "-coverageInfo,coverage_info,string",
        "-dynamicCreationBound,dynamic_bound,string",
        "-dispatchOnCreated,dynamic_dispatch,boolean",
        "-enforceRequireReasonInCVL,enforce_require_reason,boolean",
        "-excludeMethod,exclude_method,list",
        "-excludeRule,exclude_rule,list",
        "-foundry,foundry_tests_mode,boolean",
        "-userGlobalTimeout,global_timeout,string",
        "-hashingLengthBound,hashing_length_bound,string",
        "-includeEmptyFallback,include_empty_fallback,boolean",
        "-independentSatisfies,independent_satisfy,boolean",
        "-b,loop_iter,string",
        "-maxConcurrentRules,max_concurrent_rules,string",
        "-graphDrawLimit,max_graph_depth,string",
        "-method,method,list",
        "-multiAssertCheck,multi_assert_check,boolean",
        "-multipleCEX,multi_example,string",
        "-autoNondetDifficultInternalFuncs,nondet_difficult_funcs,boolean",
        "-autoNondetMinimalDifficulty,nondet_minimal_difficulty,string",
        "-noCalltraceStorageInformation,no_calltrace_storage_information,boolean",
        "-optimisticContractRecursion,optimistic_contract_recursion,boolean",
        "-optimisticFallback,optimistic_fallback,boolean",
        "-optimisticUnboundedHashing,optimistic_hashing,boolean",
        "-assumeUnwindCond,optimistic_loop,boolean",
        "-optimisticSummaryRecursion,optimistic_summary_recursion,boolean",
        "-contract,parametric_contracts,list",
        "-smt_preciseBitwiseOps,precise_bitwise_ops,boolean",
        "-resourceFiles,prover_resource_files,list",
        "-boundedModelChecking,range,string",
        "-rangerExcludeMethod,ranger_exclude_method,list",
        "-boundedModelCheckingFailureLimit,ranger_failure_limit,string",
        "-rangerMethod,ranger_include_method,list",
        "-rule,rule,list",
        "-ruleSanityChecks,rule_sanity,string",
        "-safeCastingBuiltin,safe_casting_builtin,boolean",
        "-saveVerifierResults,save_verifier_results,boolean",
        "-ciMode,short_output,boolean",
        "-t,smt_timeout,string",
        "-smt_useBV,smt_use_bv,boolean",
        "-summaryRecursionLimit,summary_recursion_limit,string",
        "-json,tool_output,string",
        "-uncheckedOverflowBuiltin,unchecked_overflow_builtin,boolean",
        "-unusedSummaryHardFail,unused_summary_hard_fail,string",
        "-usePerRuleCache,use_per_rule_cache,string"
    ],
    "java_version": "25.0.2",
    "main_spec": "certora/specs/MUSD.spec",
    "origin": "https://github.com/luthatdude/Minted-mUSD-Canton.git",
    "python_version": "3.9.6",
    "raw_args": [
        "/Users/luiscuello/Library/Python/3.9/bin/certoraRun",
        "certora/MUSD.conf"
    ],
    "revision": "45351971f039355014fc9a981c4a0cf52d0c91f2",
    "timestamp": "1771014671.891224"
}